{"cameraMode":{"drawMode":0,"name":"Shaded","section":"Shading Mode"},"sceneLighting":true,"audioPlay":false,"sceneViewState":{"m_AlwaysRefresh":false,"showFog":true,"showSkybox":true,"showFlares":true,"showImageEffects":true,"showParticleSystems":true,"showVisualEffectGraphs":true,"m_FxEnabled":true},"in2DMode":false,"pivot":{"x":472.88946533203127,"y":246.7015380859375,"z":-60.1842041015625},"rotation":{"x":-0.061456725001335147,"y":-0.011977003887295723,"z":-0.0007375154527835548,"w":0.9980364441871643},"size":329.4539489746094,"orthographic":true}